{"health":98.5999984741211,"isCool":true,"lives":5,"position":{"x":3.141590118408203,"y":420.69000244140625},"username":"Xepherin"}